Сергей,5116739545,23:18:35,/hi
Сергей,5116739545,23:22:34,/hi
Сергей,5116739545,23:28:20,/hi
Сергей,5116739545,23:28:24,/hi
Сергей,5116739545,23:29:29,/help
Сергей,5116739545,23:29:32,/hi
Сергей,5116739545,23:29:34,/time
Сергей,5116739545,23:29:46,/sum 2 4
Сергей,5116739545,01:55:57,/hi
Сергей,5116739545,02:18:52,/help
Сергей,5116739545,02:18:55,/time
Сергей,5116739545,02:21:30,/time
Сергей,5116739545,02:22:10,/time
Сергей,5116739545,02:23:14,/time
Сергей,5116739545,02:24:04,/time
Сергей,5116739545,12/19/2022, 02:25:41,/help
Сергей,5116739545,12/19/2022, 02:25:48,/time
